,survived,survived,survived,survived,survived,survived,survived,survived,age,age,age,age,age,age,age,age,sibsp,sibsp,sibsp,sibsp,sibsp,sibsp,sibsp,sibsp,parch,parch,parch,parch,parch,parch,parch,parch,fare,fare,fare,fare,fare,fare,fare,fare
,count,mean,std,min,25%,50%,75%,max,count,mean,std,min,25%,50%,75%,max,count,mean,std,min,25%,50%,75%,max,count,mean,std,min,25%,50%,75%,max,count,mean,std,min,25%,50%,75%,max
pclass,,,,,,,,,,,,,,,,,,,,,,,,,,,,,,,,,,,,,,,,
1,216.0,0.6296296296296297,0.48402561132684635,0.0,0.0,1.0,1.0,1.0,186.0,38.233440860215055,14.802855896450462,0.92,27.0,37.0,49.0,80.0,216.0,0.4166666666666667,0.6118975442434483,0.0,0.0,0.0,1.0,3.0,216.0,0.35648148148148145,0.6939972720472019,0.0,0.0,0.0,0.0,4.0,216.0,84.1546875,78.38037264672882,0.0,30.923949999999998,60.287499999999994,93.5,512.3292
2,184.0,0.47282608695652173,0.5006232751061891,0.0,0.0,0.0,1.0,1.0,173.0,29.87763005780347,14.0010768124762,0.67,23.0,29.0,36.0,70.0,184.0,0.40217391304347827,0.6016331618122913,0.0,0.0,0.0,1.0,3.0,184.0,0.3804347826086957,0.6909626025537282,0.0,0.0,0.0,1.0,3.0,184.0,20.662183152173913,13.417398756149343,0.0,13.0,14.25,26.0,73.5
3,491.0,0.24236252545824846,0.42894949864606563,0.0,0.0,0.0,0.0,1.0,355.0,25.14061971830986,12.495398210982415,0.42,18.0,24.0,32.0,74.0,491.0,0.615071283095723,1.374882905964152,0.0,0.0,0.0,1.0,8.0,491.0,0.39307535641547864,0.8888612942592733,0.0,0.0,0.0,0.0,6.0,491.0,13.675550101832993,11.778141704387307,0.0,7.75,8.05,15.5,69.55
